feature,importance
btyd_exp_orders_30d,4509396.210053349
btyd_log_exp_orders,2552280.4493167875
log1p_btyd_exp_orders_30d,1399110.917225647
to_ord_sum_180d,1213413.347051239
n_purchase_days_180d,1203299.3436798095
btyd_exp_gmv_30d,918279.4763523102
log1p_to_ord_sum_180d,807461.2701738358
log1p_n_purchase_days_180d,594338.2700992584
btyd_log_exp_gmv,494015.68245849607
n_purchase_days,356566.79010157584
to_ord_sum_365d,325552.50922203064
log1p_btyd_exp_gmv_30d,250956.8854763031
std_purchase_gap,180175.95395755768
log1p_n_purchase_days_90d,175394.14304981232
purchase_frequency,167984.42636585236
log1p_to_ord_sum_365d,149357.75605487823
n_purchase_days_90d,121013.97280311584
n_purchase_days_365d,81886.06412849427
to_ord_sum_90d,76159.00936832427
searches_sum_14d,61927.02229480744
ema_gmv_90d,57818.087695503236
total_purchase_gmv,54154.91791744232
gmv_sum_365d,52918.985136413576
searches_sum_7d,45366.782078611854
to_ord_sum_60d,42637.091617012025
log1p_std_purchase_gap,40980.84663791656
log1p_to_ord_sum_90d,40181.43849391937
n_active_days_7d,38064.736636543275
recency_days,34665.70800338387
mean_purchase_gap,31033.360421562196
ema_gmv_60d,30596.985209655762
log1p_purchase_frequency,29632.53224067688
first_purchase_days,28453.50786895752
n_active_days_14d,28028.952754592894
log1p_ema_gmv_60d,27962.959366989136
tenure_days,27845.50174436569
n_purchase_days_60d,27805.462925434113
max_purchase_gap,27050.379489803316
log1p_searches_sum_7d,26000.81358423233
searches_sum_30d,25894.51125049591
log1p_ema_gmv_90d,25611.51826915741
log1p_searches_sum_14d,25500.93226928711
gmv_sum_180d,25155.205731010436
activity_density_14d,23914.434496688842
log1p_total_purchase_gmv,23611.23515625
log1p_gmv_sum_180d,23115.840754890443
gmv_per_active_day_365d,23017.007599258424
search_to_ord_sum_365d,21803.02690629959
log1p_n_purchase_days,19064.990563201904
log1p_n_purchase_days_60d,18892.738667488098
searches_sum_365d,18563.08674528599
n_active_days_30d,18537.509455680847
ema_gmv_30d,18026.42165222168
to_ord_sum_30d,16350.723751831054
log1p_mean_purchase_gap,15825.617951774597
log1p_to_ord_sum_60d,15796.780972290038
recency_purchase_days,14726.811843109132
log_tenure_days,14554.760595369338
to_cart_sum_14d,14297.577639389037
log_recency_days,13960.044181442261
log1p_search_to_ord_sum_365d,13544.564646339417
log1p_gmv_per_active_day_365d,13218.964052200317
log1p_first_purchase_days,13037.218988227844
search_to_ord_sum_180d,12921.433971595765
btyd_total_gmv,12503.133382797241
activity_density_7d,12388.316928005219
gmv_search_sum_365d,12360.426316452027
avg_order_value_365d,11639.967562150956
to_cart_sum_30d,11488.811766242981
log1p_n_active_days_14d,10737.483446502685
to_cart_sum_7d,10484.169458007813
searches_sum_180d,10377.008538007736
cart_to_order_rate_365d,10325.148745536804
log1p_searches_sum_30d,10287.896221542358
n_purchase_days_30d,9899.115692329407
log1p_recency_days,9684.90918917656
log1p_gmv_sum_60d,9324.175277709961
n_active_days_total,9246.274612665176
gmv_per_active_day_180d,9160.992978668213
search_to_cart_sum_14d,9075.826062202454
gmv_old_60d,8957.617248725892
activity_density_30d,8785.755940437317
search_to_cart_rate_14d,8752.88830795288
gmv_sum_60d,8630.229240226745
log1p_gmv_sum_30d,8499.02429523468
log1p_searches_sum_365d,8255.051639175415
log1p_search_to_cart_sum_14d,8021.600051116943
log1p_to_cart_sum_14d,7766.0918231964115
log1p_gmv_search_sum_365d,7710.753458976746
searches_sum_60d,7703.969075107574
log1p_ema_gmv_30d,7608.5064527511595
gmv_sum_30d,7382.519851970673
log1p_tenure_days,7301.337511444091
gmv_ratio_90_365,7260.960251235962
activity_density_total,7253.481788539886
gmv_sum_90d,7082.568937778473
log1p_n_active_days_7d,6883.017680740357
search_to_cart_sum_30d,6826.3769647598265
n_active_days_180d,6727.535688400269
log1p_to_ord_sum_30d,6705.245978927613
search_to_ord_sum_30d,6695.106499290467
btyd_order_value,6432.968031311035
gmv_search_sum_180d,6373.902443122864
gmv_search_sum_60d,6336.733905410767
log1p_cart_to_order_rate_365d,6243.069634628296
search_to_cart_rate_365d,6150.257143187523
log1p_search_to_ord_sum_180d,5981.27259273529
avg_order_value_180d,5823.511710357666
avg_order_value_90d,5802.29578704834
log1p_activity_density_7d,5662.887307357788
log1p_gmv_sum_365d,5655.540132904052
gmv_search_sum_30d,5536.343279838562
log1p_n_active_days_30d,5441.174562263489
log1p_max_purchase_gap,5322.936058712005
log1p_gmv_per_active_day_180d,5279.272848510742
gmv_search_sum_90d,5266.9257186889645
avg_order_value_60d,5204.616946792603
search_to_cart_rate_30d,5178.406140863895
cart_to_order_rate_180d,5125.249150371552
search_to_ord_sum_60d,5092.176231193543
ema_gmv_14d,5059.950093269348
search_to_cart_sum_7d,5006.834574508667
log1p_avg_order_value_365d,4998.492057609558
searches_sum_90d,4949.54347858429
n_active_days_60d,4936.568470954895
n_active_days_90d,4911.21934928894
gmv_per_purchase_day_180d,4864.974683380127
search_to_cart_rate_180d,4829.56002664566
log1p_gmv_old_60d,4737.528157806397
n_active_days_365d,4736.688647270203
orders_ratio_90_365,4613.370877456665
gmv_per_active_day_90d,4605.7244131088255
btyd_p_alive,4550.234999370575
search_to_cart_sum_365d,4460.00199508667
gmv_ratio_60_180,4453.951488304138
search_to_cart_rate_7d,4433.486063671112
log1p_n_purchase_days_30d,4420.094272232056
orders_ratio_60_180,4375.559286689759
gmv_per_purchase_day_60d,4373.552076339722
purchase_days_ratio_90_365,4329.405574035644
gmv_cat_sum_365d,4324.817664146423
avg_order_value_30d,4295.921723365784
search_to_cart_rate_90d,4289.900776958466
to_cart_sum_365d,4268.91937661171
log1p_gmv_search_sum_180d,4256.097211837769
search_to_cart_rate_60d,4237.805149078369
gmv_per_purchase_day_90d,4166.52330083847
search_to_ord_sum_90d,3978.533665466309
log1p_to_cart_sum_30d,3967.701605415344
log1p_activity_density_30d,3928.5832969665526
log1p_activity_density_total,3887.4509893417357
log1p_to_cart_sum_7d,3851.3859548568726
cart_to_order_rate_90d,3845.4697934150695
gmv_sum_14d,3776.0975622177125
gmv_per_purchase_day_30d,3662.0283176422117
log1p_gmv_ratio_90_365,3612.836248779297
search_to_cart_sum_180d,3600.257678222656
gmv_per_purchase_day_365d,3584.1670557022094
min_purchase_gap,3583.826801109314
gmv_search_sum_14d,3553.41418428421
log1p_searches_sum_60d,3459.319620895386
cart_to_order_rate_60d,3443.662581682205
log1p_searches_sum_180d,3425.2092942476274
gmv_per_active_day_60d,3422.283387184143
gmv_ratio_30_90,3293.2934749603273
log1p_search_to_ord_sum_90d,3277.0722835540773
log1p_search_to_cart_rate_14d,3270.6353719711306
to_cart_sum_60d,3162.3707582473753
log1p_recency_purchase_days,3112.1028175354004
log1p_gmv_search_sum_90d,3105.9820358276365
log1p_search_to_cart_sum_365d,3095.9338136672973
log1p_searches_sum_90d,3094.083525276184
log1p_avg_order_value_60d,3042.8632860183716
log1p_avg_order_value_180d,3041.779887199402
log1p_ema_gmv_14d,3035.211181640625
search_to_cart_sum_60d,2953.5613867759703
gmv_per_active_day_30d,2942.5523403167726
log1p_search_to_cart_sum_30d,2926.876615905762
log1p_search_to_ord_sum_30d,2912.7487239837646
purchase_days_ratio_60_180,2881.947865104675
log1p_gmv_sum_14d,2845.767576599121
to_cart_sum_180d,2804.637870788574
activity_density_180d,2785.0006008148193
log1p_search_to_cart_rate_365d,2732.9520392417908
avg_order_value_14d,2704.073432445526
ema_gmv_7d,2668.091602897644
log1p_avg_order_value_90d,2661.4455598831178
log1p_search_to_cart_rate_30d,2656.7733934402468
cart_to_order_rate_30d,2608.6567994117736
to_cart_sum_90d,2586.8629331588745
log1p_min_purchase_gap,2531.3775585174562
log1p_gmv_sum_90d,2523.1322519302366
log1p_cart_to_order_rate_180d,2454.2258390426637
log1p_search_to_cart_rate_7d,2450.971438407898
log1p_gmv_search_sum_60d,2450.3036796569822
log1p_gmv_ratio_60_180,2446.452663040161
log1p_gmv_per_purchase_day_180d,2441.437159538269
search_to_cart_sum_90d,2371.9439712524413
log1p_to_cart_sum_365d,2346.9521310806276
log1p_search_to_ord_sum_60d,2330.0148248672485
gmv_cat_sum_180d,2318.478191566467
log1p_search_to_cart_rate_60d,2294.443561553955
activity_density_365d,2281.034311580658
gmv_ratio_30_60,2261.9808673858643
cart_to_order_rate_14d,2239.7526876449583
log1p_gmv_per_purchase_day_90d,2231.3330574035645
log1p_gmv_per_purchase_day_30d,2184.0344846725466
activity_density_60d,2171.5911388397217
log1p_gmv_search_sum_30d,2169.6463680267334
log1p_gmv_per_purchase_day_60d,2159.02116317749
gmv_per_purchase_day_14d,2152.7554595947267
log1p_avg_order_value_30d,2142.7857229232786
log1p_orders_ratio_90_365,2041.2333810806274
log1p_search_to_cart_sum_180d,2000.723406600952
log1p_search_to_cart_sum_7d,1996.8704711914063
log1p_search_to_cart_rate_90d,1993.9628262519836
to_ord_sum_14d,1974.8394484519958
activity_density_90d,1953.4409691333772
log1p_cart_to_order_rate_90d,1952.0214477539062
log1p_gmv_per_active_day_60d,1946.5736003875732
cat_to_cart_sum_365d,1910.6473253250122
cat_to_cart_sum_180d,1888.509018421173
log1p_gmv_per_active_day_90d,1865.6673419952392
orders_old_60d,1862.736581993103
search_to_ord_sum_14d,1839.0753580093383
gmv_per_active_day_14d,1838.6049156188965
log1p_search_to_cart_rate_180d,1831.5025156021118
log1p_btyd_order_value,1772.8768033981323
gmv_cat_sum_90d,1743.4212814331054
log1p_purchase_days_ratio_90_365,1728.853520965576
log1p_orders_ratio_60_180,1712.0212787628175
gmv_ratio_14_30,1703.5661529541017
log1p_gmv_per_active_day_30d,1701.332698249817
orders_ratio_30_90,1661.1698207855225
log1p_search_to_cart_sum_60d,1643.9623857498168
gmv_search_sum_7d,1555.4837980270386
avg_order_value_7d,1537.5685474395752
log1p_gmv_cat_sum_365d,1535.9420595169067
log1p_activity_density_14d,1530.9277248382568
log1p_gmv_ratio_30_60,1518.4843593597411
gmv_ratio_7_30,1505.4042991638185
log1p_btyd_p_alive,1503.9282764434815
log1p_purchase_days_ratio_60_180,1487.8746021270751
log1p_n_active_days_60d,1487.575982093811
gmv_cat_sum_60d,1476.8893774032592
log1p_cat_to_cart_sum_365d,1464.5287199020386
log1p_to_cart_sum_180d,1436.4452105522155
purchase_days_ratio_30_90,1422.8825399398804
orders_ratio_30_60,1417.3930467605592
log1p_n_active_days_180d,1405.9628730773925
gmv_per_active_day_7d,1371.024319934845
log1p_cart_to_order_rate_60d,1346.0539531707764
log1p_to_cart_sum_90d,1319.9858839035035
log1p_to_cart_sum_60d,1317.7450012207032
log1p_gmv_search_sum_14d,1309.4797578811645
gmv_sum_7d,1296.1833183288575
log1p_cart_to_order_rate_30d,1293.7420570373536
log1p_gmv_cat_sum_180d,1212.7949050903321
cart_to_order_rate_7d,1165.4361610412598
log1p_search_to_cart_sum_90d,1134.7769222259521
log1p_ema_gmv_7d,1104.2179222106934
n_purchase_days_14d,1075.8260606765748
log1p_n_active_days_total,1046.5585021972656
orders_recent_share,1032.6315395355225
cat_to_cart_sum_90d,1019.3110144615173
purchase_days_ratio_30_60,1001.7984600067139
gmv_recent_share,1001.5930837631225
log1p_avg_order_value_14d,969.2063676834107
log1p_cart_to_order_rate_14d,955.6822471618652
log1p_purchase_days_ratio_30_90,939.7414014816284
cat_to_cart_sum_30d,925.3694585800171
log1p_gmv_per_purchase_day_14d,922.2400847911834
log1p_n_active_days_90d,917.1765775680542
orders_ratio_14_30,893.6418802261353
log1p_gmv_per_active_day_14d,893.4106729507446
gmv_cat_sum_30d,859.610761642456
log1p_avg_order_value_7d,852.0475158691406
cat_to_cart_sum_14d,848.9617809295654
gmv_per_purchase_day_7d,843.7784738540649
log1p_to_ord_sum_14d,831.0866834640503
log1p_orders_old_60d,819.3330329895019
cat_to_cart_sum_60d,812.3296411514282
log1p_gmv_cat_sum_90d,778.3109405517578
log1p_gmv_search_sum_7d,742.7875720977784
log1p_activity_density_180d,718.3147964477539
cat_to_cart_sum_7d,686.4039810180664
log1p_gmv_sum_7d,678.3903003692627
cat_to_ord_sum_365d,673.2031406402588
purchase_days_ratio_14_30,661.9855662345886
log1p_gmv_per_purchase_day_7d,656.2366384506225
orders_ratio_7_30,651.6819521903992
log1p_gmv_ratio_30_90,647.6395582199096
log1p_cat_to_cart_sum_180d,637.6125991821289
log1p_cat_to_cart_sum_90d,636.4672409057617
log1p_gmv_cat_sum_60d,606.2211987495423
log1p_gmv_per_active_day_7d,604.9684600830078
log1p_n_purchase_days_365d,601.1646465301513
log1p_orders_ratio_30_60,592.2406587600708
log1p_purchase_days_ratio_30_60,584.3135797500611
log1p_gmv_ratio_14_30,567.9842809677124
log1p_n_active_days_365d,562.0380113601684
log1p_gmv_cat_sum_30d,558.0085012435914
log1p_gmv_recent_share,553.3644393920898
log1p_gmv_ratio_7_30,537.4194268226623
log1p_n_purchase_days_14d,524.5109134674072
log1p_search_to_ord_sum_14d,520.1570941925049
log1p_cat_to_cart_sum_30d,510.04005870819094
log1p_cat_to_cart_sum_60d,507.15137786865233
purchase_days_ratio_7_30,506.9770811080933
to_ord_sum_7d,497.015062713623
log1p_cart_to_order_rate_7d,496.3541206359863
cat_to_ord_sum_180d,479.8931007385254
log1p_activity_density_60d,473.36459999084474
log1p_activity_density_90d,460.02871856689455
log1p_orders_ratio_14_30,459.34945793151854
log1p_orders_ratio_7_30,424.680717086792
log1p_btyd_total_gmv,420.9344108581543
log1p_activity_density_365d,371.6727996826172
log1p_cat_to_cart_sum_14d,366.58417987823486
log1p_cat_to_ord_sum_365d,348.5265205383301
cat_to_ord_sum_90d,346.60833778381345
gmv_cat_sum_14d,338.90308208465575
log1p_gmv_per_purchase_day_365d,336.83038063049315
search_to_ord_sum_7d,323.2097312927246
log1p_cat_to_cart_sum_7d,318.9994010925293
log1p_orders_ratio_30_90,288.908868598938
log1p_n_purchase_days_7d,242.76604118347169
log1p_cat_to_ord_sum_180d,241.81885948181153
log1p_orders_recent_share,230.3662197113037
log1p_to_ord_sum_7d,216.75958194732667
log1p_purchase_days_ratio_7_30,213.9882411956787
n_purchase_days_7d,210.21147804260255
log1p_purchase_days_ratio_14_30,208.59709854125975
cat_to_ord_sum_60d,194.0107406616211
log1p_gmv_cat_sum_7d,145.70853996276855
log1p_gmv_cat_sum_14d,140.7505802154541
log1p_cat_to_ord_sum_90d,136.67559871673583
log1p_search_to_ord_sum_7d,136.26167411804198
cat_to_ord_sum_30d,109.05041961669922
gmv_cat_sum_7d,83.39253997802734
log1p_cat_to_ord_sum_60d,74.84135932922364
cat_to_ord_sum_14d,35.5423397064209
cat_to_ord_sum_7d,26.29174041748047
log1p_cat_to_ord_sum_30d,23.64563980102539
log1p_cat_to_ord_sum_14d,7.110240173339844
log1p_cat_to_ord_sum_7d,0.0
